Workbook

Sheet Pila
A1: n | B1: repeticion | C1: tEnlazada | D1: tArreglo | E1: redimensionamientos | F1: capacidadMaxima | H1: n | I1: enl_min | J1: enl_max | K1: enl_prom | L1: enl_desv | M1: enl_CV | N1: enl_T(2N)/T(N) | O1: enl_log2(ratio) | P1: arr_min | Q1: arr_max | R1: arr_prom | S1: arr_desv | T1: arr_CV | U1: arr_T(2N)/T(N) | V1: arr_log2(ratio) | W1: arr_redim_prom | X1: arr_capMax_prom
A2: 1024 | B2: 0 | C2: 0 | D2: 0 | E2: 18 | F2: 1024 | H2: =A2 -> 1024 | I2: =MIN(C2:C31) -> 0 | J2: =MAX(C2:C31) -> 0.015625 | K2: =AVERAGE(C2:C31) -> 0.00052083333 | L2: =STDEV(C2:C31) -> 0.0028527217 | M2: =IF(K2>0,L2/K2,"n/d") -> 5.4772256 | P2: =MIN(D2:D31) -> 0 | Q2: =MAX(D2:D31) -> 0.015625 | R2: =AVERAGE(D2:D31) -> 0.0010416667 | S2: =STDEV(D2:D31) -> 0.0039641896 | T2: =IF(R2>0,S2/R2,"n/d") -> 3.805622 | W2: =AVERAGE(E2:E31) -> 18 | X2: =AVERAGE(F2:F31) -> 1024
A3: 1024 | B3: 1 | C3: 0 | D3: 0 | E3: 18 | F3: 1024 | H3: =A32 -> 2048 | I3: =MIN(C32:C61) -> 0 | J3: =MAX(C32:C61) -> 0.015625 | K3: =AVERAGE(C32:C61) -> 0.0015625 | L3: =STDEV(C32:C61) -> 0.004767634 | M3: =IF(K3>0,L3/K3,"n/d") -> 3.0512858 | N3: =IF(K2>0,K3/K2,"n/d") -> 3 | O3: =IF(ISNUMBER(N3),IF(N3>0,LOG(N3,2),"n/d"),"n/d") -> 1.5849625 | P3: =MIN(D32:D61) -> 0 | Q3: =MAX(D32:D61) -> 0.015625 | R3: =AVERAGE(D32:D61) -> 0.00052083333 | S3: =STDEV(D32:D61) -> 0.0028527217 | T3: =IF(R3>0,S3/R3,"n/d") -> 5.4772256 | U3: =IF(R2>0,R3/R2,"n/d") -> 0.5 | V3: =IF(ISNUMBER(U3),IF(U3>0,LOG(U3,2),"n/d"),"n/d") -> -1 | W3: =AVERAGE(E32:E61) -> 20 | X3: =AVERAGE(F32:F61) -> 2048
A4: 1024 | B4: 2 | C4: 0 | D4: 0 | E4: 18 | F4: 1024 | H4: =A62 -> 4096 | I4: =MIN(C62:C91) -> 0 | J4: =MAX(C62:C91) -> 0 | K4: =AVERAGE(C62:C91) -> 0 | L4: =STDEV(C62:C91) -> 0 | M4: =IF(K4>0,L4/K4,"n/d") -> n/d | N4: =IF(K3>0,K4/K3,"n/d") -> 0 | O4: =IF(ISNUMBER(N4),IF(N4>0,LOG(N4,2),"n/d"),"n/d") -> n/d | P4: =MIN(D62:D91) -> 0 | Q4: =MAX(D62:D91) -> 0.015625 | R4: =AVERAGE(D62:D91) -> 0.0041666667 | S4: =STDEV(D62:D91) -> 0.007027757 | T4: =IF(R4>0,S4/R4,"n/d") -> 1.6866617 | U4: =IF(R3>0,R4/R3,"n/d") -> 8 | V4: =IF(ISNUMBER(U4),IF(U4>0,LOG(U4,2),"n/d"),"n/d") -> 3 | W4: =AVERAGE(E62:E91) -> 22 | X4: =AVERAGE(F62:F91) -> 4096
A5: 1024 | B5: 3 | C5: 0 | D5: 0 | E5: 18 | F5: 1024 | H5: =A92 -> 8192 | I5: =MIN(C92:C121) -> 0 | J5: =MAX(C92:C121) -> 0.015625 | K5: =AVERAGE(C92:C121) -> 0.0020833333 | L5: =STDEV(C92:C121) -> 0.0054022797 | M5: =IF(K5>0,L5/K5,"n/d") -> 2.5930943 | N5: =IF(K4>0,K5/K4,"n/d") -> n/d | O5: =IF(ISNUMBER(N5),IF(N5>0,LOG(N5,2),"n/d"),"n/d") -> n/d | P5: =MIN(D92:D121) -> 0 | Q5: =MAX(D92:D121) -> 0.015625 | R5: =AVERAGE(D92:D121) -> 0.0010416667 | S5: =STDEV(D92:D121) -> 0.0039641896 | T5: =IF(R5>0,S5/R5,"n/d") -> 3.805622 | U5: =IF(R4>0,R5/R4,"n/d") -> 0.25 | V5: =IF(ISNUMBER(U5),IF(U5>0,LOG(U5,2),"n/d"),"n/d") -> -2 | W5: =AVERAGE(E92:E121) -> 24 | X5: =AVERAGE(F92:F121) -> 8192
A6: 1024 | B6: 4 | C6: 0.015625 | D6: 0 | E6: 18 | F6: 1024 | H6: =A122 -> 16384 | I6: =MIN(C122:C151) -> 0 | J6: =MAX(C122:C151) -> 0.015625 | K6: =AVERAGE(C122:C151) -> 0.0020833333 | L6: =STDEV(C122:C151) -> 0.0054022797 | M6: =IF(K6>0,L6/K6,"n/d") -> 2.5930943 | N6: =IF(K5>0,K6/K5,"n/d") -> 1 | O6: =IF(ISNUMBER(N6),IF(N6>0,LOG(N6,2),"n/d"),"n/d") -> 0 | P6: =MIN(D122:D151) -> 0 | Q6: =MAX(D122:D151) -> 0.015625 | R6: =AVERAGE(D122:D151) -> 0.0036458333 | S6: =STDEV(D122:D151) -> 0.0067216104 | T6: =IF(R6>0,S6/R6,"n/d") -> 1.8436417 | U6: =IF(R5>0,R6/R5,"n/d") -> 3.5 | V6: =IF(ISNUMBER(U6),IF(U6>0,LOG(U6,2),"n/d"),"n/d") -> 1.8073549 | W6: =AVERAGE(E122:E151) -> 26 | X6: =AVERAGE(F122:F151) -> 16384
A7: 1024 | B7: 5 | C7: 0 | D7: 0 | E7: 18 | F7: 1024 | H7: =A152 -> 32768 | I7: =MIN(C152:C181) -> 0 | J7: =MAX(C152:C181) -> 0.015625 | K7: =AVERAGE(C152:C181) -> 0.0072916667 | L7: =STDEV(C152:C181) -> 0.0079283791 | M7: =IF(K7>0,L7/K7,"n/d") -> 1.0873206 | N7: =IF(K6>0,K7/K6,"n/d") -> 3.5 | O7: =IF(ISNUMBER(N7),IF(N7>0,LOG(N7,2),"n/d"),"n/d") -> 1.8073549 | P7: =MIN(D152:D181) -> 0 | Q7: =MAX(D152:D181) -> 0.015625 | R7: =AVERAGE(D152:D181) -> 0.0046875 | S7: =STDEV(D152:D181) -> 0.0072826812 | T7: =IF(R7>0,S7/R7,"n/d") -> 1.5536387 | U7: =IF(R6>0,R7/R6,"n/d") -> 1.2857143 | V7: =IF(ISNUMBER(U7),IF(U7>0,LOG(U7,2),"n/d"),"n/d") -> 0.36257008 | W7: =AVERAGE(E152:E181) -> 28 | X7: =AVERAGE(F152:F181) -> 32768
A8: 1024 | B8: 6 | C8: 0 | D8: 0 | E8: 18 | F8: 1024 | H8: =A182 -> 65536 | I8: =MIN(C182:C211) -> 0 | J8: =MAX(C182:C211) -> 0.015625 | K8: =AVERAGE(C182:C211) -> 0.0072916667 | L8: =STDEV(C182:C211) -> 0.0079283791 | M8: =IF(K8>0,L8/K8,"n/d") -> 1.0873206 | N8: =IF(K7>0,K8/K7,"n/d") -> 1 | O8: =IF(ISNUMBER(N8),IF(N8>0,LOG(N8,2),"n/d"),"n/d") -> 0 | P8: =MIN(D182:D211) -> 0 | Q8: =MAX(D182:D211) -> 0.015625 | R8: =AVERAGE(D182:D211) -> 0.0088541667 | S8: =STDEV(D182:D211) -> 0.0078751083 | T8: =IF(R8>0,S8/R8,"n/d") -> 0.889424 | U8: =IF(R7>0,R8/R7,"n/d") -> 1.8888889 | V8: =IF(ISNUMBER(U8),IF(U8>0,LOG(U8,2),"n/d"),"n/d") -> 0.91753784 | W8: =AVERAGE(E182:E211) -> 30 | X8: =AVERAGE(F182:F211) -> 65536
A9: 1024 | B9: 7 | C9: 0 | D9: 0 | E9: 18 | F9: 1024 | H9: =A212 -> 131072 | I9: =MIN(C212:C241) -> 0 | J9: =MAX(C212:C241) -> 0.046875 | K9: =AVERAGE(C212:C241) -> 0.021875 | L9: =STDEV(C212:C241) -> 0.012713691 | M9: =IF(K9>0,L9/K9,"n/d") -> 0.58119729 | N9: =IF(K8>0,K9/K8,"n/d") -> 3 | O9: =IF(ISNUMBER(N9),IF(N9>0,LOG(N9,2),"n/d"),"n/d") -> 1.5849625 | P9: =MIN(D212:D241) -> 0 | Q9: =MAX(D212:D241) -> 0.046875 | R9: =AVERAGE(D212:D241) -> 0.0234375 | S9: =STDEV(D212:D241) -> 0.012137802 | T9: =IF(R9>0,S9/R9,"n/d") -> 0.51787956 | U9: =IF(R8>0,R9/R8,"n/d") -> 2.6470588 | V9: =IF(ISNUMBER(U9),IF(U9>0,LOG(U9,2),"n/d"),"n/d") -> 1.4043903 | W9: =AVERAGE(E212:E241) -> 32 | X9: =AVERAGE(F212:F241) -> 131072
A10: 1024 | B10: 8 | C10: 0 | D10: 0 | E10: 18 | F10: 1024 | H10: =A242 -> 262144 | I10: =MIN(C242:C271) -> 0.015625 | J10: =MAX(C242:C271) -> 0.046875 | K10: =AVERAGE(C242:C271) -> 0.0296875 | L10: =STDEV(C242:C271) -> 0.0094910206 | M10: =IF(K10>0,L10/K10,"n/d") -> 0.31969754 | N10: =IF(K9>0,K10/K9,"n/d") -> 1.3571429 | O10: =IF(ISNUMBER(N10),IF(N10>0,LOG(N10,2),"n/d"),"n/d") -> 0.44057259 | P10: =MIN(D242:D271) -> 0.015625 | Q10: =MAX(D242:D271) -> 0.0625 | R10: =AVERAGE(D242:D271) -> 0.035416667 | S10: =STDEV(D242:D271) -> 0.011557499 | T10: =IF(R10>0,S10/R10,"n/d") -> 0.32632939 | U10: =IF(R9>0,R10/R9,"n/d") -> 1.5111111 | V10: =IF(ISNUMBER(U10),IF(U10>0,LOG(U10,2),"n/d"),"n/d") -> 0.59560974 | W10: =AVERAGE(E242:E271) -> 34 | X10: =AVERAGE(F242:F271) -> 262144
A11: 1024 | B11: 9 | C11: 0 | D11: 0 | E11: 18 | F11: 1024
A12: 1024 | B12: 10 | C12: 0 | D12: 0 | E12: 18 | F12: 1024 | H12: Unidades: todos los tiempos estan en segundos (StopwatchCPU, resolucion de 1/64 s en este equipo). La desviacion estandar es muestral (STDEV, divisor n-1). CV = desviacion / promedio. 'n/d' = no definido porque el promedio previo es 0.
A13: 1024 | B13: 11 | C13: 0 | D13: 0.015625 | E13: 18 | F13: 1024
A14: 1024 | B14: 12 | C14: 0 | D14: 0 | E14: 18 | F14: 1024
A15: 1024 | B15: 13 | C15: 0 | D15: 0 | E15: 18 | F15: 1024
A16: 1024 | B16: 14 | C16: 0 | D16: 0 | E16: 18 | F16: 1024
A17: 1024 | B17: 15 | C17: 0 | D17: 0 | E17: 18 | F17: 1024
A18: 1024 | B18: 16 | C18: 0 | D18: 0 | E18: 18 | F18: 1024
A19: 1024 | B19: 17 | C19: 0 | D19: 0 | E19: 18 | F19: 1024
A20: 1024 | B20: 18 | C20: 0 | D20: 0 | E20: 18 | F20: 1024
A21: 1024 | B21: 19 | C21: 0 | D21: 0 | E21: 18 | F21: 1024
A22: 1024 | B22: 20 | C22: 0 | D22: 0 | E22: 18 | F22: 1024
A23: 1024 | B23: 21 | C23: 0 | D23: 0 | E23: 18 | F23: 1024
A24: 1024 | B24: 22 | C24: 0 | D24: 0 | E24: 18 | F24: 1024
... A271: 262144 | B271: 29 | C271: 0.046875 | D271: 0.046875 | E271: 34 | F271: 262144

Sheet Fila
A1: n | B1: repeticion | C1: seed | D1: tEnlazada | E1: tArreglo | F1: redimensionamientos | G1: capacidadMaxima | I1: n | J1: enl_min | K1: enl_max | L1: enl_prom | M1: enl_desv | N1: enl_CV | O1: enl_T(2N)/T(N) | P1: enl_log2(ratio) | Q1: arr_min | R1: arr_max | S1: arr_prom | T1: arr_desv | U1: arr_CV | V1: arr_T(2N)/T(N) | W1: arr_log2(ratio) | X1: arr_redim_prom | Y1: arr_capMax_prom
A2: 1024 | B2: 0 | C2: 1024 | D2: 0 | E2: 0 | F2: 16 | G2: 512 | I2: =A2 -> 1024 | J2: =MIN(D2:D31) -> 0 | K2: =MAX(D2:D31) -> 0.015625 | L2: =AVERAGE(D2:D31) -> 0.00052083333 | M2: =STDEV(D2:D31) -> 0.0028527217 | N2: =IF(L2>0,M2/L2,"n/d") -> 5.4772256 | Q2: =MIN(E2:E31) -> 0 | R2: =MAX(E2:E31) -> 0.03125 | S2: =AVERAGE(E2:E31) -> 0.0010416667 | T2: =STDEV(E2:E31) -> 0.0057054433 | U2: =IF(S2>0,T2/S2,"n/d") -> 5.4772256 | X2: =AVERAGE(F2:F31) -> 16 | Y2: =AVERAGE(G2:G31) -> 512
A3: 1024 | B3: 1 | C3: 1025 | D3: 0 | E3: 0 | F3: 16 | G3: 512 | I3: =A32 -> 2048 | J3: =MIN(D32:D61) -> 0 | K3: =MAX(D32:D61) -> 0.015625 | L3: =AVERAGE(D32:D61) -> 0.0015625 | M3: =STDEV(D32:D61) -> 0.004767634 | N3: =IF(L3>0,M3/L3,"n/d") -> 3.0512858 | O3: =IF(L2>0,L3/L2,"n/d") -> 3 | P3: =IF(ISNUMBER(O3),IF(O3>0,LOG(O3,2),"n/d"),"n/d") -> 1.5849625 | Q3: =MIN(E32:E61) -> 0 | R3: =MAX(E32:E61) -> 0 | S3: =AVERAGE(E32:E61) -> 0 | T3: =STDEV(E32:E61) -> 0 | U3: =IF(S3>0,T3/S3,"n/d") -> n/d | V3: =IF(S2>0,S3/S2,"n/d") -> 0 | W3: =IF(ISNUMBER(V3),IF(V3>0,LOG(V3,2),"n/d"),"n/d") -> n/d | X3: =AVERAGE(F32:F61) -> 18 | Y3: =AVERAGE(G32:G61) -> 1024
A4: 1024 | B4: 2 | C4: 1026 | D4: 0 | E4: 0 | F4: 16 | G4: 512 | I4: =A62 -> 4096 | J4: =MIN(D62:D91) -> 0 | K4: =MAX(D62:D91) -> 0.015625 | L4: =AVERAGE(D62:D91) -> 0.0010416667 | M4: =STDEV(D62:D91) -> 0.0039641896 | N4: =IF(L4>0,M4/L4,"n/d") -> 3.805622 | O4: =IF(L3>0,L4/L3,"n/d") -> 0.66666667 | P4: =IF(ISNUMBER(O4),IF(O4>0,LOG(O4,2),"n/d"),"n/d") -> -0.5849625 | Q4: =MIN(E62:E91) -> 0 | R4: =MAX(E62:E91) -> 0.015625 | S4: =AVERAGE(E62:E91) -> 0.0020833333 | T4: =STDEV(E62:E91) -> 0.0054022797 | U4: =IF(S4>0,T4/S4,"n/d") -> 2.5930943 | V4: =IF(S3>0,S4/S3,"n/d") -> n/d | W4: =IF(ISNUMBER(V4),IF(V4>0,LOG(V4,2),"n/d"),"n/d") -> n/d | X4: =AVERAGE(F62:F91) -> 20 | Y4: =AVERAGE(G62:G91) -> 2048
A5: 1024 | B5: 3 | C5: 1027 | D5: 0 | E5: 0 | F5: 16 | G5: 512 | I5: =A92 -> 8192 | J5: =MIN(D92:D121) -> 0 | K5: =MAX(D92:D121) -> 0.015625 | L5: =AVERAGE(D92:D121) -> 0.0026041667 | M5: =STDEV(D92:D121) -> 0.005922641 | N5: =IF(L5>0,M5/L5,"n/d") -> 2.2742941 | O5: =IF(L4>0,L5/L4,"n/d") -> 2.5 | P5: =IF(ISNUMBER(O5),IF(O5>0,LOG(O5,2),"n/d"),"n/d") -> 1.3219281 | Q5: =MIN(E92:E121) -> 0 | R5: =MAX(E92:E121) -> 0.015625 | S5: =AVERAGE(E92:E121) -> 0.0020833333 | T5: =STDEV(E92:E121) -> 0.0054022797 | U5: =IF(S5>0,T5/S5,"n/d") -> 2.5930943 | V5: =IF(S4>0,S5/S4,"n/d") -> 1 | W5: =IF(ISNUMBER(V5),IF(V5>0,LOG(V5,2),"n/d"),"n/d") -> 0 | X5: =AVERAGE(F92:F121) -> 22 | Y5: =AVERAGE(G92:G121) -> 4096
A6: 1024 | B6: 4 | C6: 1028 | D6: 0 | E6: 0.03125 | F6: 16 | G6: 512 | I6: =A122 -> 16384 | J6: =MIN(D122:D151) -> 0 | K6: =MAX(D122:D151) -> 0.015625 | L6: =AVERAGE(D122:D151) -> 0.0052083333 | M6: =STDEV(D122:D151) -> 0.0074916141 | N6: =IF(L6>0,M6/L6,"n/d") -> 1.4383899 | O6: =IF(L5>0,L6/L5,"n/d") -> 2 | P6: =IF(ISNUMBER(O6),IF(O6>0,LOG(O6,2),"n/d"),"n/d") -> 1 | Q6: =MIN(E122:E151) -> 0 | R6: =MAX(E122:E151) -> 0.015625 | S6: =AVERAGE(E122:E151) -> 0.0052083333 | T6: =STDEV(E122:E151) -> 0.0074916141 | U6: =IF(S6>0,T6/S6,"n/d") -> 1.4383899 | V6: =IF(S5>0,S6/S5,"n/d") -> 2.5 | W6: =IF(ISNUMBER(V6),IF(V6>0,LOG(V6,2),"n/d"),"n/d") -> 1.3219281 | X6: =AVERAGE(F122:F151) -> 24 | Y6: =AVERAGE(G122:G151) -> 8192
A7: 1024 | B7: 5 | C7: 1029 | D7: 0 | E7: 0 | F7: 16 | G7: 512 | I7: =A152 -> 32768 | J7: =MIN(D152:D181) -> 0 | K7: =MAX(D152:D181) -> 0.015625 | L7: =AVERAGE(D152:D181) -> 0.009375 | M7: =STDEV(D152:D181) -> 0.0077855137 | N7: =IF(L7>0,M7/L7,"n/d") -> 0.8304548 | O7: =IF(L6>0,L7/L6,"n/d") -> 1.8 | P7: =IF(ISNUMBER(O7),IF(O7>0,LOG(O7,2),"n/d"),"n/d") -> 0.84799691 | Q7: =MIN(E152:E181) -> 0 | R7: =MAX(E152:E181) -> 0.015625 | S7: =AVERAGE(E152:E181) -> 0.0088541667 | T7: =STDEV(E152:E181) -> 0.0078751083 | U7: =IF(S7>0,T7/S7,"n/d") -> 0.889424 | V7: =IF(S6>0,S7/S6,"n/d") -> 1.7 | W7: =IF(ISNUMBER(V7),IF(V7>0,LOG(V7,2),"n/d"),"n/d") -> 0.76553475 | X7: =AVERAGE(F152:F181) -> 26 | Y7: =AVERAGE(G152:G181) -> 16384
A8: 1024 | B8: 6 | C8: 1030 | D8: 0 | E8: 0 | F8: 16 | G8: 512 | I8: =A182 -> 65536 | J8: =MIN(D182:D211) -> 0.015625 | K8: =MAX(D182:D211) -> 0.03125 | L8: =AVERAGE(D182:D211) -> 0.016145833 | M8: =STDEV(D182:D211) -> 0.0028527217 | N8: =IF(L8>0,M8/L8,"n/d") -> 0.1766847 | O8: =IF(L7>0,L8/L7,"n/d") -> 1.7222222 | P8: =IF(ISNUMBER(O8),IF(O8>0,LOG(O8,2),"n/d"),"n/d") -> 0.78427131 | Q8: =MIN(E182:E211) -> 0.015625 | R8: =MAX(E182:E211) -> 0.03125 | S8: =AVERAGE(E182:E211) -> 0.018229167 | T8: =STDEV(E182:E211) -> 0.005922641 | U8: =IF(S8>0,T8/S8,"n/d") -> 0.32489916 | V8: =IF(S7>0,S8/S7,"n/d") -> 2.0588235 | W8: =IF(ISNUMBER(V8),IF(V8>0,LOG(V8,2),"n/d"),"n/d") -> 1.0418202 | X8: =AVERAGE(F182:F211) -> 28 | Y8: =AVERAGE(G182:G211) -> 32768
A9: 1024 | B9: 7 | C9: 1031 | D9: 0 | E9: 0 | F9: 16 | G9: 512 | I9: =A212 -> 131072 | J9: =MIN(D212:D241) -> 0.03125 | K9: =MAX(D212:D241) -> 0.0625 | L9: =AVERAGE(D212:D241) -> 0.040625 | M9: =STDEV(D212:D241) -> 0.0088006539 | N9: =IF(L9>0,M9/L9,"n/d") -> 0.21663148 | O9: =IF(L8>0,L9/L8,"n/d") -> 2.516129 | P9: =IF(ISNUMBER(O9),IF(O9>0,LOG(O9,2),"n/d"),"n/d") -> 1.3312059 | Q9: =MIN(E212:E241) -> 0.015625 | R9: =MAX(E212:E241) -> 0.0625 | S9: =AVERAGE(E212:E241) -> 0.038020833 | T9: =STDEV(E212:E241) -> 0.0097822237 | U9: =IF(S9>0,T9/S9,"n/d") -> 0.25728588 | V9: =IF(S8>0,S9/S8,"n/d") -> 2.0857143 | W9: =IF(ISNUMBER(V9),IF(V9>0,LOG(V9,2),"n/d"),"n/d") -> 1.0605415 | X9: =AVERAGE(F212:F241) -> 30 | Y9: =AVERAGE(G212:G241) -> 65536
A10: 1024 | B10: 8 | C10: 1032 | D10: 0 | E10: 0 | F10: 16 | G10: 512 | I10: =A242 -> 262144 | J10: =MIN(D242:D271) -> 0.0625 | K10: =MAX(D242:D271) -> 0.109375 | L10: =AVERAGE(D242:D271) -> 0.088541667 | M10: =STDEV(D242:D271) -> 0.015534942 | N10: =IF(L10>0,M10/L10,"n/d") -> 0.17545346 | O10: =IF(L9>0,L10/L9,"n/d") -> 2.1794872 | P10: =IF(ISNUMBER(O10),IF(O10>0,LOG(O10,2),"n/d"),"n/d") -> 1.1239887 | Q10: =MIN(E242:E271) -> 0.0625 | R10: =MAX(E242:E271) -> 0.125 | S10: =AVERAGE(E242:E271) -> 0.086458333 | T10: =STDEV(E242:E271) -> 0.015206316 | U10: =IF(S10>0,T10/S10,"n/d") -> 0.17588028 | V10: =IF(S9>0,S10/S9,"n/d") -> 2.2739726 | W10: =IF(ISNUMBER(V10),IF(V10>0,LOG(V10,2),"n/d"),"n/d") -> 1.1852149 | X10: =AVERAGE(F242:F271) -> 32 | Y10: =AVERAGE(G242:G271) -> 131072
A11: 1024 | B11: 9 | C11: 1033 | D11: 0 | E11: 0 | F11: 16 | G11: 512
A12: 1024 | B12: 10 | C12: 1034 | D12: 0 | E12: 0 | F12: 16 | G12: 512 | I12: Unidades: todos los tiempos estan en segundos (StopwatchCPU, resolucion de 1/64 s en este equipo). La desviacion estandar es muestral (STDEV, divisor n-1). CV = desviacion / promedio. 'n/d' = no definido porque el promedio previo es 0.
A13: 1024 | B13: 11 | C13: 1035 | D13: 0 | E13: 0 | F13: 16 | G13: 512
A14: 1024 | B14: 12 | C14: 1036 | D14: 0 | E14: 0 | F14: 16 | G14: 512
A15: 1024 | B15: 13 | C15: 1037 | D15: 0 | E15: 0 | F15: 16 | G15: 512
A16: 1024 | B16: 14 | C16: 1038 | D16: 0 | E16: 0 | F16: 16 | G16: 512
A17: 1024 | B17: 15 | C17: 1039 | D17: 0.015625 | E17: 0 | F17: 16 | G17: 512
A18: 1024 | B18: 16 | C18: 1040 | D18: 0 | E18: 0 | F18: 16 | G18: 512
A19: 1024 | B19: 17 | C19: 1041 | D19: 0 | E19: 0 | F19: 16 | G19: 512
A20: 1024 | B20: 18 | C20: 1042 | D20: 0 | E20: 0 | F20: 16 | G20: 512
A21: 1024 | B21: 19 | C21: 1043 | D21: 0 | E21: 0 | F21: 16 | G21: 512
A22: 1024 | B22: 20 | C22: 1044 | D22: 0 | E22: 0 | F22: 16 | G22: 512
A23: 1024 | B23: 21 | C23: 1045 | D23: 0 | E23: 0 | F23: 16 | G23: 512
A24: 1024 | B24: 22 | C24: 1046 | D24: 0 | E24: 0 | F24: 16 | G24: 512
... A271: 262144 | B271: 29 | C271: 262173 | D271: 0.0625 | E271: 0.078125 | F271: 32 | G271: 131072

Sheet Resumen
A1: Laboratorio 2: pilas y filas, lista enlazada vs arreglo
A2: Unidades: todos los tiempos estan en segundos (StopwatchCPU, resolucion de 1/64 s en este equipo). La desviacion estandar es muestral (STDEV, divisor n-1). CV = desviacion / promedio. 'n/d' = no definido porque el promedio previo es 0.
I3: Datos del grafico: NA() donde el promedio es 0 (no representable en escala log)
A4: n | B4: Pila enlazada (s) | C4: Pila arreglo (s) | D4: Pila arreglo/enlazada | E4: Fila enlazada (s) | F4: Fila arreglo (s) | G4: Fila arreglo/enlazada | I4: Pila enlazada | J4: Pila arreglo | K4: Fila enlazada | L4: Fila arreglo
A5: =Pila!H2 -> 1024 | B5: =Pila!K2 -> 0.00052083333 | C5: =Pila!R2 -> 0.0010416667 | D5: =IF(B5>0,C5/B5,"n/d") -> 2 | E5: =Fila!L2 -> 0.00052083333 | F5: =Fila!S2 -> 0.0010416667 | G5: =IF(E5>0,F5/E5,"n/d") -> 2 | I5: =IF(B5>0,B5,NA()) -> 0.00052083333 | J5: =IF(C5>0,C5,NA()) -> 0.0010416667 | K5: =IF(E5>0,E5,NA()) -> 0.00052083333 | L5: =IF(F5>0,F5,NA()) -> 0.0010416667
A6: =Pila!H3 -> 2048 | B6: =Pila!K3 -> 0.0015625 | C6: =Pila!R3 -> 0.00052083333 | D6: =IF(B6>0,C6/B6,"n/d") -> 0.33333333 | E6: =Fila!L3 -> 0.0015625 | F6: =Fila!S3 -> 0 | G6: =IF(E6>0,F6/E6,"n/d") -> 0 | I6: =IF(B6>0,B6,NA()) -> 0.0015625 | J6: =IF(C6>0,C6,NA()) -> 0.00052083333 | K6: =IF(E6>0,E6,NA()) -> 0.0015625 | L6: =IF(F6>0,F6,NA()) -> #N/A
A7: =Pila!H4 -> 4096 | B7: =Pila!K4 -> 0 | C7: =Pila!R4 -> 0.0041666667 | D7: =IF(B7>0,C7/B7,"n/d") -> n/d | E7: =Fila!L4 -> 0.0010416667 | F7: =Fila!S4 -> 0.0020833333 | G7: =IF(E7>0,F7/E7,"n/d") -> 2 | I7: =IF(B7>0,B7,NA()) -> #N/A | J7: =IF(C7>0,C7,NA()) -> 0.0041666667 | K7: =IF(E7>0,E7,NA()) -> 0.0010416667 | L7: =IF(F7>0,F7,NA()) -> 0.0020833333
A8: =Pila!H5 -> 8192 | B8: =Pila!K5 -> 0.0020833333 | C8: =Pila!R5 -> 0.0010416667 | D8: =IF(B8>0,C8/B8,"n/d") -> 0.5 | E8: =Fila!L5 -> 0.0026041667 | F8: =Fila!S5 -> 0.0020833333 | G8: =IF(E8>0,F8/E8,"n/d") -> 0.8 | I8: =IF(B8>0,B8,NA()) -> 0.0020833333 | J8: =IF(C8>0,C8,NA()) -> 0.0010416667 | K8: =IF(E8>0,E8,NA()) -> 0.0026041667 | L8: =IF(F8>0,F8,NA()) -> 0.0020833333
A9: =Pila!H6 -> 16384 | B9: =Pila!K6 -> 0.0020833333 | C9: =Pila!R6 -> 0.0036458333 | D9: =IF(B9>0,C9/B9,"n/d") -> 1.75 | E9: =Fila!L6 -> 0.0052083333 | F9: =Fila!S6 -> 0.0052083333 | G9: =IF(E9>0,F9/E9,"n/d") -> 1 | I9: =IF(B9>0,B9,NA()) -> 0.0020833333 | J9: =IF(C9>0,C9,NA()) -> 0.0036458333 | K9: =IF(E9>0,E9,NA()) -> 0.0052083333 | L9: =IF(F9>0,F9,NA()) -> 0.0052083333
A10: =Pila!H7 -> 32768 | B10: =Pila!K7 -> 0.0072916667 | C10: =Pila!R7 -> 0.0046875 | D10: =IF(B10>0,C10/B10,"n/d") -> 0.64285714 | E10: =Fila!L7 -> 0.009375 | F10: =Fila!S7 -> 0.0088541667 | G10: =IF(E10>0,F10/E10,"n/d") -> 0.94444444 | I10: =IF(B10>0,B10,NA()) -> 0.0072916667 | J10: =IF(C10>0,C10,NA()) -> 0.0046875 | K10: =IF(E10>0,E10,NA()) -> 0.009375 | L10: =IF(F10>0,F10,NA()) -> 0.0088541667
A11: =Pila!H8 -> 65536 | B11: =Pila!K8 -> 0.0072916667 | C11: =Pila!R8 -> 0.0088541667 | D11: =IF(B11>0,C11/B11,"n/d") -> 1.2142857 | E11: =Fila!L8 -> 0.016145833 | F11: =Fila!S8 -> 0.018229167 | G11: =IF(E11>0,F11/E11,"n/d") -> 1.1290323 | I11: =IF(B11>0,B11,NA()) -> 0.0072916667 | J11: =IF(C11>0,C11,NA()) -> 0.0088541667 | K11: =IF(E11>0,E11,NA()) -> 0.016145833 | L11: =IF(F11>0,F11,NA()) -> 0.018229167
A12: =Pila!H9 -> 131072 | B12: =Pila!K9 -> 0.021875 | C12: =Pila!R9 -> 0.0234375 | D12: =IF(B12>0,C12/B12,"n/d") -> 1.0714286 | E12: =Fila!L9 -> 0.040625 | F12: =Fila!S9 -> 0.038020833 | G12: =IF(E12>0,F12/E12,"n/d") -> 0.93589744 | I12: =IF(B12>0,B12,NA()) -> 0.021875 | J12: =IF(C12>0,C12,NA()) -> 0.0234375 | K12: =IF(E12>0,E12,NA()) -> 0.040625 | L12: =IF(F12>0,F12,NA()) -> 0.038020833
A13: =Pila!H10 -> 262144 | B13: =Pila!K10 -> 0.0296875 | C13: =Pila!R10 -> 0.035416667 | D13: =IF(B13>0,C13/B13,"n/d") -> 1.1929825 | E13: =Fila!L10 -> 0.088541667 | F13: =Fila!S10 -> 0.086458333 | G13: =IF(E13>0,F13/E13,"n/d") -> 0.97647059 | I13: =IF(B13>0,B13,NA()) -> 0.0296875 | J13: =IF(C13>0,C13,NA()) -> 0.035416667 | K13: =IF(E13>0,E13,NA()) -> 0.088541667 | L13: =IF(F13>0,F13,NA()) -> 0.086458333
A16: Sintesis
A17: ="Mayor tamano medido: n = "&A13&"." -> Mayor tamano medido: n = 262144.
A18: ="Pila, n = "&A13&": cociente arreglo/enlazada = "&IF(ISNUMBER(D13),ROUND(D13,3),D13)&" (promedios "&IF(ISNUMBER(C13),ROUND(C13,6),C13)&" s vs "&IF(ISNUMBER(B13),ROUND(B13,6),B13)&" s)." -> Pila, n = 262144: cociente arreglo/enlazada = 1,193 (promedios 0,035417 s vs 0,029688 s).
A19: ="Fila, n = "&A13&": cociente arreglo/enlazada = "&IF(ISNUMBER(G13),ROUND(G13,3),G13)&" (promedios "&IF(ISNUMBER(F13),ROUND(F13,6),F13)&" s vs "&IF(ISNUMBER(E13),ROUND(E13,6),E13)&" s)." -> Fila, n = 262144: cociente arreglo/enlazada = 0,976 (promedios 0,086458 s vs 0,088542 s).
A20: ="Ultimo ratio T(2N)/T(N) en pila: enlazada "&IF(ISNUMBER(Pila!N10),ROUND(Pila!N10,2),Pila!N10)&", arreglo "&IF(ISNUMBER(Pila!U10),ROUND(Pila!U10,2),Pila!U10)&" (log2: "&IF(ISNUMBER(Pila!O10),ROUND(Pila!O10,2),Pila!O10)&" y "&IF(ISNUMBER(Pila!V10),ROUND(Pila!V10,2),Pila!V10)&")." -> Ultimo ratio T(2N)/T(N) en pila: enlazada 1,36, arreglo 1,51 (log2: 0,44 y 0,6).
A21: ="Ultimo ratio T(2N)/T(N) en fila: enlazada "&IF(ISNUMBER(Fila!O10),ROUND(Fila!O10,2),Fila!O10)&", arreglo "&IF(ISNUMBER(Fila!V10),ROUND(Fila!V10,2),Fila!V10)&" (log2: "&IF(ISNUMBER(Fila!P10),ROUND(Fila!P10,2),Fila!P10)&" y "&IF(ISNUMBER(Fila!W10),ROUND(Fila!W10,2),Fila!W10)&")." -> Ultimo ratio T(2N)/T(N) en fila: enlazada 2,18, arreglo 2,27 (log2: 1,12 y 1,19).
A22: ="Instrumentacion pila con arreglo (n = "&Pila!H10&"): redimensionamientos promedio = "&IF(ISNUMBER(Pila!W10),ROUND(Pila!W10,1),Pila!W10)&"; capacidad maxima promedio = "&IF(ISNUMBER(Pila!X10),ROUND(Pila!X10,0),Pila!X10)&IF(Pila!X10=Pila!H10," (igual a n).",".") -> Instrumentacion pila con arreglo (n = 262144): redimensionamientos promedio = 34; capacidad maxima promedio = 262144 (igual a n).
A23: ="Instrumentacion fila con arreglo (n = "&Fila!I10&"): redimensionamientos promedio = "&IF(ISNUMBER(Fila!X10),ROUND(Fila!X10,1),Fila!X10)&"; capacidad maxima promedio de la frontera = "&IF(ISNUMBER(Fila!Y10),ROUND(Fila!Y10,0),Fila!Y10)&"." -> Instrumentacion fila con arreglo (n = 262144): redimensionamientos promedio = 32; capacidad maxima promedio de la frontera = 131072.
A24: ="Limitacion: "&(COUNTIF(Pila!C2:D271,0)+COUNTIF(Fila!D2:E271,0))&" de "&(COUNT(Pila!C2:D271)+COUNT(Fila!D2:E271))&" tiempos son exactamente 0 (resolucion de 1/64 s del cronometro); los promedios y ratios de los tamanos pequenos no son concluyentes." -> Limitacion: 623 de 1080 tiempos son exactamente 0 (resolucion de 1/64 s del cronometro); los promedios y ratios de los tamanos pequenos no son concluyentes.
A25: Nota: que ambas implementaciones tengan el mismo orden de crecimiento no implica tiempos identicos; el cociente arreglo/enlazada refleja el factor constante.
